Titulo;Link
monoambiente en alquiler Uruguay y Corrientes;https://www.remax.com.ar/listings/monoambiente-en-alquiler-uruguay-y-corrientes
Alquiler departamento 2 ambientes Palermo;https://www.remax.com.ar/listings/alquiler-departamento-2-ambientes-palermo-7
Alquiler 3 ambientes;https://www.remax.com.ar/listings/alquiler-3-ambientes
ALQUILER MONOAMBIENTE PB CON PATIO  RECOLETA;https://www.remax.com.ar/listings/alquiler-monoambiente-pb-con-patio-recoleta
DEPARTAMENTO EN ALQUILER 2 AMBIENTES EN PALERMO;https://www.remax.com.ar/listings/departamento-en-alquiler-2-ambientes-en-palermo
Alquiler Departamento 3 ambientes Villa Crespo;https://www.remax.com.ar/listings/alquiler-departamento-3-ambientes-villa-crespo
ALQUILER IMPERDIBLE  2 AMB -DOBLE BALCON– BELGRANO;https://www.remax.com.ar/listings/alquiler-imperdible-2-amb-doble-balcon-belgrano-1
ALQUILER MONOAMBIENTE A ESTRENAR VILLA URQUIZA;https://www.remax.com.ar/listings/alquiler-monoambiente-a-estrenar-villa-urquiza
ALQUILER IMPERDIBLE  2 AMB -DOBLE BALCON– BELGRANO;https://www.remax.com.ar/listings/alquiler-imperdible-2-amb-doble-balcon-belgrano
ALQUILER Caballito Departamento 3 dorm Balcón;https://www.remax.com.ar/listings/alquiler-caballito-departamento-3-dorm-balcon
ALQUILER MONOAMBIENTE LUMINOSO BOEDO;https://www.remax.com.ar/listings/alquiler-monoambiente-luminoso-boedo
ALQUILER DPTO MONOAMBIENTE DIVISIBLE, CABA;https://www.remax.com.ar/listings/alquiler-dpto-monoambiente-divisible-caba
ALQUILER DEPARTAMENTO 2 AMBIENTES SAN TELMO;https://www.remax.com.ar/listings/alquiler-departamento-2-ambientes-san-telmo-1
ALQUILER DEPARTAMENTO 2 AMBIENTES EN DEVOTO;https://www.remax.com.ar/listings/alquiler-departamento-2-ambientes-en-devoto-1
ALQUILER DEPTO 3 AMBIENTES PARQUE AVELLANEDA;https://www.remax.com.ar/listings/alquiler-depto-3-ambientes-parque-avellaneda
